id;title;directory;version
1;withdrawal frictionless matrices;Realigned Mouse neutral;85819
2;Lead Savings generating;Isle;73274
3;Unbranded;online communities;8235
4;Regional Jewelery white;Loan multi-tasking exuding;67703
5;integrated Nakfa Wooden;Metal collaborative;85986
6;application scalable auxiliary;Music quantify SDD;79230
7;application well-modulated intangible;Fresh Technician Devolved;27399
8;Georgia;Electronics;98916
9;silver empowering;client-driven Soap;12718
10;non-volatile Ethiopia;Applications instruction;50568
